<?xml version="1.0" encoding="UTF-8"?>
<node>
<version>6</version>
<dict>
  <key>attr_tables</key><array>
    <dict>
      <key>name</key><string>Default Table</string>
      <key>key</key><string>default</string>
      <key>attrs</key><array>
        <string>title</string>
        <string>created_time</string>
        <string>modified_time</string>
      </array>
    </dict>
  </array>
  <key>expanded</key><true/>
  <key>nodeid</key><string>fac778d1-6d94-454d-a4a0-250e03051baf</string>
  <key>modified_time</key><integer>1601726353</integer>
  <key>content_type</key><string>application/x-notebook-dir</string>
  <key>created_time</key><integer>1601726353</integer>
  <key>info_sort_dir</key><integer>1</integer>
  <key>title</key><string>data structure</string>
  <key>column_widths</key><dict>
    <key>created_time</key><integer>150</integer>
    <key>modified_time</key><integer>1025</integer>
    <key>title</key><integer>150</integer>
  </dict>
  <key>attr_defs</key><array>
    <dict>
      <key>datatype</key><string>string</string>
      <key>default</key><string></string>
      <key>name</key><string>Duplicate of</string>
      <key>key</key><string>duplicate_of</string>
    </dict>
    <dict>
      <key>datatype</key><string>string</string>
      <key>default</key><string></string>
      <key>name</key><string>Title</string>
      <key>key</key><string>title</string>
    </dict>
    <dict>
      <key>datatype</key><string>string</string>
      <key>default</key><string></string>
      <key>name</key><string>Filename</string>
      <key>key</key><string>payload_filename</string>
    </dict>
    <dict>
      <key>datatype</key><string>bool</string>
      <key>default</key><true/>
      <key>name</key><string>Expaned</string>
      <key>key</key><string>expanded</string>
    </dict>
    <dict>
      <key>datatype</key><string>string</string>
      <key>default</key><string></string>
      <key>name</key><string>Node ID</string>
      <key>key</key><string>nodeid</string>
    </dict>
    <dict>
      <key>datatype</key><string>timestamp</string>
      <key>default</key><null/>
      <key>name</key><string>Modified time</string>
      <key>key</key><string>modified_time</string>
    </dict>
    <dict>
      <key>datatype</key><string>string</string>
      <key>default</key><string></string>
      <key>name</key><string>Icon open</string>
      <key>key</key><string>icon_open</string>
    </dict>
    <dict>
      <key>datatype</key><string>bool</string>
      <key>default</key><true/>
      <key>name</key><string>Expanded2</string>
      <key>key</key><string>expanded2</string>
    </dict>
    <dict>
      <key>datatype</key><string>string</string>
      <key>default</key><string></string>
      <key>name</key><string>Title Background Color</string>
      <key>key</key><string>title_bgcolor</string>
    </dict>
    <dict>
      <key>datatype</key><string>string</string>
      <key>default</key><string>application/x-notebook-dir</string>
      <key>name</key><string>Content type</string>
      <key>key</key><string>content_type</string>
    </dict>
    <dict>
      <key>datatype</key><string>timestamp</string>
      <key>default</key><null/>
      <key>name</key><string>Created time</string>
      <key>key</key><string>created_time</string>
    </dict>
    <dict>
      <key>datatype</key><string>integer</string>
      <key>default</key><integer>1</integer>
      <key>name</key><string>Folder sort direction</string>
      <key>key</key><string>info_sort_dir</string>
    </dict>
    <dict>
      <key>datatype</key><string>integer</string>
      <key>default</key><integer>2147483647</integer>
      <key>name</key><string>Order</string>
      <key>key</key><string>order</string>
    </dict>
    <dict>
      <key>datatype</key><string>string</string>
      <key>default</key><string>order</string>
      <key>name</key><string>Folder sort</string>
      <key>key</key><string>info_sort</string>
    </dict>
    <dict>
      <key>datatype</key><string>string</string>
      <key>default</key><string></string>
      <key>name</key><string>Icon</string>
      <key>key</key><string>icon</string>
    </dict>
  </array>
  <key>version</key><integer>6</integer>
  <key>order</key><integer>0</integer>
  <key>info_sort</key><string>order</string>
</dict>
</node>
